timeStamp,elapsed,label,responseCode,responseMessage,threadName,dataType,success,failureMessage,bytes,sentBytes,grpThreads,allThreads,URL,Latency,IdleTime,Connect
1658415226467,461,Node lambda,200,OK,Load test node lambda 1-1,text,true,,1316,214,1,1,https://yx5k7qzo46a45potkzwgd35lma0jqgie.lambda-url.sa-east-1.on.aws/,461,0,150
1658415226928,195,Node lambda,200,OK,Load test node lambda 1-1,text,true,,1316,214,1,1,https://yx5k7qzo46a45potkzwgd35lma0jqgie.lambda-url.sa-east-1.on.aws/,195,0,0
1658415227123,200,Node lambda,200,OK,Load test node lambda 1-1,text,true,,1316,214,1,1,https://yx5k7qzo46a45potkzwgd35lma0jqgie.lambda-url.sa-east-1.on.aws/,200,0,0
1658415227323,235,Node lambda,200,OK,Load test node lambda 1-1,text,true,,1316,214,2,2,https://yx5k7qzo46a45potkzwgd35lma0jqgie.lambda-url.sa-east-1.on.aws/,235,0,0
1658415227456,265,Node lambda,200,OK,Load test node lambda 1-2,text,true,,1316,214,2,2,https://yx5k7qzo46a45potkzwgd35lma0jqgie.lambda-url.sa-east-1.on.aws/,265,0,60
1658415227721,210,Node lambda,200,OK,Load test node lambda 1-2,text,true,,1316,214,2,2,https://yx5k7qzo46a45potkzwgd35lma0jqgie.lambda-url.sa-east-1.on.aws/,210,0,0
1658415227558,537,Node lambda,200,OK,Load test node lambda 1-1,text,true,,1316,214,2,2,https://yx5k7qzo46a45potkzwgd35lma0jqgie.lambda-url.sa-east-1.on.aws/,537,0,0
1658415227931,195,Node lambda,200,OK,Load test node lambda 1-2,text,true,,1316,214,2,2,https://yx5k7qzo46a45potkzwgd35lma0jqgie.lambda-url.sa-east-1.on.aws/,195,0,0
1658415228126,171,Node lambda,200,OK,Load test node lambda 1-2,text,true,,1316,214,2,2,https://yx5k7qzo46a45potkzwgd35lma0jqgie.lambda-url.sa-east-1.on.aws/,171,0,0
1658415228095,227,Node lambda,200,OK,Load test node lambda 1-1,text,true,,1316,214,2,2,https://yx5k7qzo46a45potkzwgd35lma0jqgie.lambda-url.sa-east-1.on.aws/,227,0,0
1658415228322,182,Node lambda,200,OK,Load test node lambda 1-1,text,true,,1316,214,3,3,https://yx5k7qzo46a45potkzwgd35lma0jqgie.lambda-url.sa-east-1.on.aws/,182,0,0
1658415228297,226,Node lambda,200,OK,Load test node lambda 1-2,text,true,,1316,214,3,3,https://yx5k7qzo46a45potkzwgd35lma0jqgie.lambda-url.sa-east-1.on.aws/,226,0,0
1658415228523,168,Node lambda,200,OK,Load test node lambda 1-2,text,true,,1316,214,3,3,https://yx5k7qzo46a45potkzwgd35lma0jqgie.lambda-url.sa-east-1.on.aws/,168,0,0
1658415228504,221,Node lambda,200,OK,Load test node lambda 1-1,text,true,,1316,214,3,3,https://yx5k7qzo46a45potkzwgd35lma0jqgie.lambda-url.sa-east-1.on.aws/,221,0,0
1658415228691,201,Node lambda,200,OK,Load test node lambda 1-2,text,true,,1316,214,3,3,https://yx5k7qzo46a45potkzwgd35lma0jqgie.lambda-url.sa-east-1.on.aws/,201,0,0
1658415228725,200,Node lambda,200,OK,Load test node lambda 1-1,text,true,,1316,214,3,3,https://yx5k7qzo46a45potkzwgd35lma0jqgie.lambda-url.sa-east-1.on.aws/,200,0,0
1658415228892,200,Node lambda,200,OK,Load test node lambda 1-2,text,true,,1316,214,3,3,https://yx5k7qzo46a45potkzwgd35lma0jqgie.lambda-url.sa-east-1.on.aws/,200,0,0
1658415228464,655,Node lambda,200,OK,Load test node lambda 1-3,text,true,,1316,214,3,3,https://yx5k7qzo46a45potkzwgd35lma0jqgie.lambda-url.sa-east-1.on.aws/,655,0,74
1658415228925,199,Node lambda,200,OK,Load test node lambda 1-1,text,true,,1316,214,3,3,https://yx5k7qzo46a45potkzwgd35lma0jqgie.lambda-url.sa-east-1.on.aws/,199,0,0
1658415229093,198,Node lambda,200,OK,Load test node lambda 1-2,text,true,,1316,214,3,3,https://yx5k7qzo46a45potkzwgd35lma0jqgie.lambda-url.sa-east-1.on.aws/,198,0,0
1658415229124,195,Node lambda,200,OK,Load test node lambda 1-1,text,true,,1316,214,3,3,https://yx5k7qzo46a45potkzwgd35lma0jqgie.lambda-url.sa-east-1.on.aws/,195,0,0
1658415229119,202,Node lambda,200,OK,Load test node lambda 1-3,text,true,,1316,214,3,3,https://yx5k7qzo46a45potkzwgd35lma0jqgie.lambda-url.sa-east-1.on.aws/,202,0,0
1658415229321,173,Node lambda,200,OK,Load test node lambda 1-3,text,true,,1316,214,4,4,https://yx5k7qzo46a45potkzwgd35lma0jqgie.lambda-url.sa-east-1.on.aws/,173,0,0
1658415229319,200,Node lambda,200,OK,Load test node lambda 1-1,text,true,,1316,214,4,4,https://yx5k7qzo46a45potkzwgd35lma0jqgie.lambda-url.sa-east-1.on.aws/,200,0,0
1658415229292,232,Node lambda,200,OK,Load test node lambda 1-2,text,true,,1316,214,4,4,https://yx5k7qzo46a45potkzwgd35lma0jqgie.lambda-url.sa-east-1.on.aws/,232,0,0
1658415229462,235,Node lambda,200,OK,Load test node lambda 1-4,text,true,,1316,214,4,4,https://yx5k7qzo46a45potkzwgd35lma0jqgie.lambda-url.sa-east-1.on.aws/,235,0,64
1658415229524,191,Node lambda,200,OK,Load test node lambda 1-2,text,true,,1316,214,4,4,https://yx5k7qzo46a45potkzwgd35lma0jqgie.lambda-url.sa-east-1.on.aws/,191,0,0
1658415229494,232,Node lambda,200,OK,Load test node lambda 1-3,text,true,,1316,214,4,4,https://yx5k7qzo46a45potkzwgd35lma0jqgie.lambda-url.sa-east-1.on.aws/,232,0,0
1658415229726,175,Node lambda,200,OK,Load test node lambda 1-3,text,true,,1316,214,4,4,https://yx5k7qzo46a45potkzwgd35lma0jqgie.lambda-url.sa-east-1.on.aws/,175,0,0
1658415229715,205,Node lambda,200,OK,Load test node lambda 1-2,text,true,,1316,214,3,3,https://yx5k7qzo46a45potkzwgd35lma0jqgie.lambda-url.sa-east-1.on.aws/,205,0,0
1658415229697,229,Node lambda,200,OK,Load test node lambda 1-4,text,true,,1316,214,2,2,https://yx5k7qzo46a45potkzwgd35lma0jqgie.lambda-url.sa-east-1.on.aws/,229,0,0
1658415229519,600,Node lambda,200,OK,Load test node lambda 1-1,text,true,,1316,214,1,1,https://yx5k7qzo46a45potkzwgd35lma0jqgie.lambda-url.sa-east-1.on.aws/,600,0,0
